_mean_adv,_min_discrew,_std_act,_std_discrew,_max_act,_mean_act,_max_obs,ExplainedVarNew,_Episode,_min_act,_std_adv,_lr_multiplier,KL,_min_obs,_max_adv,PolicyEntropy,PolicyLoss,Steps,_min_adv,_mean_discrew,Beta,_std_obs,_mean_obs,ExplainedVarOld,ValFuncLoss,_MeanReward,_max_discrew
4.2231366167019325e-17,-318.49611948397825,0.3796091,2996.3662539458724,2.3653328,0.40525717,18.136554326677434,-6.326208021878443e-07,20,-1.4548763,0.9999999355224258,1.0,0.0004764912,-0.6074855664766798,0.44516297541599575,0.9224396,-0.0004241496,2019,-9.812525750477914,-25.976581573188803,0.6666666666666666,2.49417184298425,3.0701330954659762,-4.394113250549836e-05,3550.795149126767,-150.9,-0.31849611948397827
-1.714493665888799e-16,-26.89193557321157,0.36740598,53.68969604236112,2.5324724,0.5512356,2.4402067559074707,-0.0002383198335835779,40,-1.4510705,0.9999994644765032,1.0,0.002377907,-0.6047132316283625,2.4616669053520894,0.9194854,-0.0012126495,2010,-1.1939814130655715,-13.927395155017367,0.6666666666666666,0.07747798018893932,0.2861967455356258,-0.0036694774685279707,164.18831822981582,-100.5,-0.3216426637216325
2.002277534685569e-16,-27.3408229517684,0.385858,54.62038431316297,2.7265072,0.512302,1.7471822941289974,-8.852739501796769e-05,60,-1.7054276,0.9999994950455713,1.0,0.0019463658,-0.6020175658421851,2.4628924760364668,0.9147747,-0.0010374275,2005,-1.1830097402105622,-14.036701710548277,0.6666666666666666,0.05226557745209709,0.16921296459485763,-0.00031049150981687923,153.5757485287579,-100.25,-0.3247511584753479
2.9001744316738786e-17,-163.8477269595647,0.35454077,2123.8119675202315,2.5065644,0.5328022,1.4350241568051996,8.245980115395568e-07,80,-1.5597103,0.9999999253480036,1.0,0.008058248,-0.5995546816540385,0.5649690670756687,0.9122189,-0.004727617,1960,-5.544694686700709,-25.559263057947437,1.0,0.041379867798333525,0.11950314401347567,1.841043227313044e-06,2543.9988619865558,-247.85,-0.1638477269595647
0.0,-135.00480685004462,0.38224238,1007.2507604356616,2.5698233,0.44727018,1.2476320619313521,7.388587687229276e-07,100,-1.660089,0.9999998908780646,1.0,0.000159382,-0.5974452779760022,0.5893618688201528,0.9118426,-0.00011401044,1971,-6.769263732739898,-15.862215765286177,0.6666666666666666,0.03785480584711442,0.09230394200779025,1.28067652482855e-06,1102.9197602784986,-198.45,-0.1350048068500446
-8.917454013053466e-18,-11.06889762048032,0.389399,9.478124238718038,2.4977286,0.4352107,1.1194831797987363,-3.4700457887781866e-05,120,-1.932636,0.9999992338034304,1.0,0.0016800272,-0.5954323809655007,2.4587002745087574,0.909774,-0.0024142005,1992,-1.1563436763202577,-5.852536299157443,0.6666666666666666,0.036671527979287494,0.06872740209083661,-4.6041167357735446e-05,9.909437356839963,-99.6,-0.13623110753205234
-2.881065324926914e-17,-11.08471402519237,0.39164957,9.51060816258658,2.8593287,0.47527763,1.0246267180471285,-1.8695969836279858e-05,140,-1.5073988,0.9999992610457642,1.0,0.0018801094,-0.5933938619535427,2.4510155841060652,0.9110086,-0.0012917703,1973,-1.1610692155445204,-5.857579125521937,0.6666666666666666,0.03465850954942763,0.0581568892504437,-2.727825803816586e-05,9.934390222617484,-98.65,-0.13743513096341523
1.4398029093416418e-17,-11.1810278610826,0.39491904,9.686199393077686,2.3878155,0.46307945,0.9503696736756585,-8.74021990560081e-07,160,-2.0724363,0.999999264327077,1.0,0.0022961316,-0.5915610863038613,2.45138670525218,0.91631514,-0.0009620469,1974,-1.1603986849078463,-5.911188721613322,0.6666666666666666,0.03309307536971018,0.04522297820547235,-1.4043671937580271e-05,9.983734307672083,-98.7,-0.13862928938907068
-1.417541617476509e-17,-129.46116772023603,0.38151878,498.52540767581525,2.3837423,0.4734401,0.8906725913620389,1.3063982907679517e-06,180,-1.3692651,0.9999998423004635,1.0,0.0003420175,-0.5898377129847632,0.6958735400456646,0.92421824,-0.0006039462,2005,-9.50189955641394,-10.560308222365032,0.4444444444444444,0.03402584356781567,0.03372299985332543,1.1617679011033388e-06,514.2486855571932,-150.2,-0.12946116772023605
5.650439250577337e-17,-122.13775849462431,0.38627118,436.5776226843636,2.4647272,0.4557436,0.8416923265352341,9.40613732902662e-07,200,-1.8799039,0.9999998325907942,1.0,0.0006621711,-2.189886315794478,0.7175279229243299,0.93149203,-0.0015832533,2012,-9.49570333263477,-9.88931658486132,0.2962962962962963,0.033894906010999724,0.02773339438230129,1.0588499891328595e-06,445.22127474822634,-150.55,-0.1221377584946243
0.0,-116.12671513439211,0.38873002,395.6312558398184,2.5521023,0.47225067,0.8003662975705855,1.1297933573128915e-06,220,-1.528139,0.9999998238104264,1.0,0.006833374,-0.5860344608106555,0.7489528017041506,0.93772745,-0.0020240834,2020,-9.470981706271472,-9.437133879862014,0.4444444444444444,0.03299871504243189,0.018333461887373424,1.1845582507108432e-06,400.55621285097124,-150.95,-0.11612671513439211
-1.2131217439806589e-17,-9.926869191143831,0.38747382,7.336453366339414,2.6407967,0.4564982,0.765015968132887,5.1861378795647894e-05,240,-1.6087375,0.999999248501835,1.0,0.0077294614,-0.5841628621286149,2.481475952212228,0.9382941,-0.0028567098,2050,-1.1601188362645278,-5.155101476985744,0.6666666666666666,0.033223968614784015,0.01423978865349699,2.764383831710404e-05,11.749723292998572,-102.5,-0.11710478019569785
-2.8578893343794876e-17,-102.23184660610765,0.3634035,838.4873672731351,2.821248,0.48834628,0.7346340613559275,1.213185283566176e-06,260,-1.7046173,0.9999998787368651,1.0,0.0011537321,-2.2209200087984717,0.7169953399205858,0.9385803,-0.0009162817,1989,-5.475286634170937,-16.312874371486352,0.4444444444444444,0.03310881700099668,0.013400790282995269,1.3276540168360995e-06,914.6801760159672,-249.3,-0.10223184660610767
0.0,-95.3911856702957,0.39993092,520.2639172164332,2.4674783,0.46001476,0.7070746533936045,1.4475354169762866e-06,280,-1.5385542,0.999999845304107,1.0,0.005770436,-2.228234536299457,0.7494019208736411,0.9407001,-0.0022942831,1974,-6.621533818134407,-11.558411667408887,0.4444444444444444,0.03371291846452752,0.012981245333513528,1.9732513344417058e-06,530.9357916663748,-198.6,-0.0953911856702957
2.859326904467204e-17,-92.87441247078964,0.4023857,252.14874427932924,2.2413588,0.3920068,0.6824316956688189,2.9555103394640625e-06,300,-1.7940929,0.9999997829120084,1.0,4.6635538e-05,-0.5793202638160265,0.8846595200996822,0.94034517,-4.886446e-05,1988,-9.186214098176219,-7.46262570539901,0.2962962962962963,0.03043132440059081,0.010706649745013336,2.8213912318664214e-06,253.23998027103363,-149.35,-0.09287441247078963
0.0,-90.61418142057578,0.4074302,219.92844495800108,2.5360827,0.4205734,0.6605382520408803,7.050254665186273e-06,320,-1.9407153,0.999999776884714,1.0,0.0064862883,-0.5779361117628257,0.9036488668637301,0.93989223,-0.0047641858,1986,-9.194913158501022,-6.9303364678211645,0.4444444444444444,0.03015709029146974,0.007343743208794493,4.796603678358657e-06,221.96589266754316,-149.25,-0.09061418142057578
6.6734117545437e-17,-7.634288234707476,0.39561817,4.375340018788486,2.5541334,0.42434064,0.6409331641108825,0.0006657690130738025,340,-1.929489,0.9999992400864292,1.0,0.006212634,-0.5765170068255847,2.4705389921201335,0.94373715,-0.002017956,2023,-1.1636974120303614,-3.975998498666664,0.6666666666666666,0.030928204689978013,0.0034131015369002773,0.00016260399954104443,20.519246240704803,-101.15,-0.09131037804047472
-4.360227882671209e-18,-7.584551568137616,0.3843815,4.484529066358681,2.3688545,0.48132667,0.6231105412168556,0.9802129849880109,360,-1.5244071,0.9999992204622072,1.0,0.0014485258,-0.5750289361188695,2.4760787619263187,0.94536775,-0.0012791166,2037,-1.1418571177097305,-4.028754714514933,0.4444444444444444,0.030926402085726022,0.001662983102362033,0.0007224895272418541,0.09365614863433626,-101.85,-0.0920059971014478
-1.429663452233602e-17,-89.91297632682318,0.40978485,242.52129584227993,2.6994033,0.5179002,0.6069148858606095,0.013226108231551792,380,-1.6012282,0.9999997746551417,1.0,0.0011207241,-2.2766509250694646,0.27463070621351543,0.94651556,-0.0055797724,1988,-9.696405496486065,-7.336494053935973,0.2962962962962963,0.03147348569098128,0.003580549262011933,0.009778917682087052,242.6013421618386,-149.35,-0.08991297632682319
-1.584461006402602e-17,-7.572540576332892,0.38852343,4.284198019168078,3.051507,0.5049145,0.5916397720052079,0.9731444080315796,400,-1.495146,0.9999968818712371,1.0,0.010751811,-0.5722654904076612,2.3757020249747445,0.9491791,-0.0055127917,2018,-2.403807526630722,-3.93502867949196,0.4444444444444444,0.03043539690854271,0.00019110360366863876,0.9574584151202199,2.052221580973273,-100.9,-0.09057184134183831
1.4318241526651893e-17,-88.64549907398299,0.41800925,223.80023496161604,2.6001601,0.5070534,0.5777418571351027,0.01973122838046293,420,-1.6389633,0.9999997691373895,1.0,0.00083134073,-0.5709037316978729,0.2529542940466481,0.9522377,-0.00025479478,1985,-9.90687387644671,-7.009974529517114,0.2962962962962963,0.029150748136214953,-0.0005303648745198175,0.01727641147073622,221.44570357056813,-149.2,-0.08864549907398299
1.418248973573054e-17,-86.8917250422814,0.39884257,223.2731282049108,2.842035,0.46945348,0.5718919955491307,0.01763359063553349,440,-1.6517427,0.9999997642299635,1.0,0.002277982,-0.569763007416355,0.29618567961090697,0.9549689,-0.0005933074,2004,-9.946887324399448,-7.06145030872115,0.2962962962962963,0.02954282236120624,-0.0006808802227128968,0.013972224838040614,219.44249422670347,-150.15,-0.08689172504228139
0.0,-83.22280200712576,0.40967456,381.7429760078745,2.5493696,0.46780747,0.571699043993156,0.03602038223199666,460,-1.5273105,0.999999821133735,1.0,0.005355016,-0.5685771031834596,0.5094751479018099,0.95849687,-0.003759271,1989,-6.994570333146436,-9.801388572181741,0.2962962962962963,0.02914458795596837,-0.0009275934545956072,0.0130413229519738,379.6809765394084,-199.35,-0.08322280200712576
1.4253615561887667e-17,-81.86602958471462,0.4145446,196.62559409831294,2.7981303,0.3873751,0.5724773907670687,0.0665491014656655,480,-1.9524812,0.9999997453891785,1.0,0.008092176,-0.5674852499657619,0.8412064220723079,0.96311957,-0.0016501751,1994,-9.721019778729612,-6.602818150939368,0.4444444444444444,0.028642546709266036,-0.000538998273767266,0.04448922961589363,184.6591083901586,-149.65,-0.08186602958471462
-2.114710523095536e-17,-6.84317316471141,0.44152,3.5396005820998875,2.5383458,0.32321867,0.5727955721097824,-0.12818206114632424,500,-2.758195,0.9999990818819567,1.0,0.007414543,-0.5664716378209846,3.328773528605361,0.9688372,-0.0047475854,2016,-1.6047409899192908,-3.577585921525009,0.6666666666666666,0.02906753300292672,-0.003956320961847458,-0.6272330203778309,6.818350096974204,-100.8,-0.08242480315295796
-7.059540345356187e-18,-6.742117091637717,0.4710071,3.5771317435748666,2.8113408,0.3021856,0.5713259704457941,0.9558443289864613,520,-1.7713288,0.9999986308006986,1.0,0.0004625835,-0.5654492669442078,5.402683203064534,0.9715711,-0.00015765024,2013,-2.2488113556015352,-3.5968434291070337,0.4444444444444444,0.02887924362060527,-5.997801003411858e-05,-0.03959437664161958,0.18838564495762297,-100.65,-0.08297900206477185
2.8435927394101056e-17,-6.8361345684312065,0.48560253,3.584141374356186,2.8611248,0.28202432,0.5727246104148764,0.9704039518207133,540,-2.1141856,0.9999936766945013,1.0,0.0031480484,-0.5645129214989215,3.2265300540318185,0.97328466,-0.0010928665,1999,-3.360869196036425,-3.599170028211494,0.4444444444444444,0.02808268069265473,-0.0008984649071028715,0.9559055766238229,0.10782844657088783,-99.95,-0.08352575829781739
0.0,-82.21850319355849,0.48482445,198.8207123492727,3.035476,0.3177899,0.5720482727985007,0.0804042642575078,560,-2.7837079,0.9999997515241142,1.0,0.007465164,-0.5637728167284433,0.263276308402908,0.97434807,-0.0041542337,1989,-9.861031462554665,-6.631751817410515,0.6666666666666666,0.02793947986981945,0.0015105908927562132,0.021507873880565076,188.6699609144826,-149.4,-0.08221850319355849
-2.819614030794048e-17,-81.00881249237456,0.48121044,200.08459427229167,2.530141,0.26838553,0.5724459336724741,0.006656683784983408,580,-2.1476543,0.9999997495579751,1.0,0.00061330886,-2.378528307060868,0.7275948026199371,0.9780829,-0.0007174243,2016,-8.965880863976766,-6.72886508208632,0.4444444444444444,0.031969782628721646,-0.004754470010690282,-0.0002383262302889655,198.90954814739374,-150.75,-0.08100881249237456
-7.09832902857243e-17,-6.720383305345067,0.49519563,3.422973257407752,2.6167297,0.28155994,0.5722503346021871,0.9143794690666714,600,-2.2739902,0.9999983890335279,1.0,0.012359549,-0.5623443977169126,3.9173545076422096,0.98127574,-0.0037022233,2002,-1.638638962573128,-3.517408864261739,0.6666666666666666,0.028172565371276093,-0.0026243181310905963,0.31048330400258106,1.9872118244014234,-100.1,-0.08152302233789462
-6.832141690000964e-17,-7.327262495382851,0.50065404,3.694882564119262,2.4112954,0.16945055,0.5724993093722036,0.9535356743293648,620,-2.1668591,0.9999962495135964,1.0,0.007129058,-0.5616642261162271,3.0527152750725692,0.98780704,-0.0040672724,2080,-2.316450307704536,-3.658001189228988,1.0,0.028944081988971988,-0.003488283689653938,0.9166659282074245,0.21235373804134608,-104.0,-0.08205359410694789
-2.049642507000289e-17,-7.3743373560953875,0.49439228,3.7443959529651942,2.445941,0.19655979,0.5724505015243104,0.9760713470647899,640,-2.0902996,0.9999918398907596,1.0,0.004449936,-0.5609939221570814,3.5855894559194526,0.9885881,-0.0040841266,2080,-3.4056677953026218,-3.6818080259330284,1.0,0.02882201876708008,-0.008223389011255536,0.9719723825853238,0.09030837176351092,-104.0,-0.08258075708438765
0.0,-81.40878604971999,0.495547,196.63886162684727,2.4529953,0.2604715,0.5707341038189393,0.023398193891354446,660,-2.097795,0.9999997485932938,1.0,0.000706474,-2.4163352467962023,0.2536373971905259,0.9865755,-0.00046805042,2010,-9.761531887761615,-6.640041039947464,0.6666666666666666,0.028542626519161497,-0.0030551280421203517,0.01757135054823744,193.97927823767517,-150.45,-0.08140878604971999
1.8494543196532106e-16,-6.799909558308066,0.471973,3.4959646686519124,3.1165743,0.2774026,0.5728223806556696,0.8143764702827301,680,-1.9419069,0.9999958855436057,1.0,0.0022795359,-0.5594718213871356,3.2571635730452058,0.98787856,-0.0021618302,2017,-2.1703546036690966,-3.5561628815427864,0.6666666666666666,0.028168088296190275,-0.005753696634737507,0.9480809805887863,3.5296356272957925,-100.85,-0.08190370071178753
9.907966434901795e-17,-6.7921398665975055,0.49579194,3.5138327265602216,2.4396405,0.27800936,0.5724226434499874,0.9595128445107508,700,-2.277944,0.9999965317682119,1.0,0.0006167288,-0.5587172339453254,3.110913944432018,0.99172264,-0.00034307322,2008,-2.712852385240808,-3.5641039236544825,0.4444444444444444,0.02780986350652962,-0.0019140512777358768,0.8339459763108227,0.1658773631446692,-100.4,-0.08239348038769369
2.0939373352458748e-17,-7.121535301397621,0.48297897,3.638576072944047,2.7940724,0.27200577,0.5725686552134781,0.9542691156105365,720,-1.8709507,0.9999949617161152,1.0,0.013014974,-0.5581257800540211,3.4332035083413563,0.9932623,-0.008498684,2036,-2.8724765689879095,-3.628178610326829,0.6666666666666666,0.028623344141708713,-0.01104829197769672,0.9351498628150243,0.16798880496411595,-101.8,-0.08288705345374998
0.0,-6.673499127157084,0.5385167,3.488605841997467,2.39273,0.32122698,0.5716295481944319,0.9840309570329487,740,-2.230646,0.9999908009967993,1.0,0.003761035,-0.5573139288073752,2.8490855036908913,0.99239,-0.0014865461,1970,-2.575532769944748,-3.54803892393527,0.6666666666666666,0.026859773678298494,0.002090387577709303,0.9795857382999175,0.07968105343495586,-98.5,-0.08336202714937062
-6.015176599027304e-17,-77.81786723656711,0.5775875,584.2654266478186,3.417948,0.3767368,0.5723690480492452,0.09675364821534682,760,-2.176485,0.9999998622230604,1.0,0.0005075134,-0.5568512415010102,0.4273940865583317,0.9947919,-0.00038594968,1890,-4.915158083870046,-14.25900624223345,0.4444444444444444,0.025688160821771656,-0.0018300149592181696,0.03574796219122012,589.8671456335302,-294.3,-0.07781786723656711
-8.687226519736324e-17,-6.404544304170174,0.60223144,3.062088973026955,2.8694606,0.3131931,0.5724337290220698,-1.177591510783138,780,-1.8866417,0.9999987725704278,1.0,0.0007805212,-0.5564580267802373,3.7244384389773266,0.99469674,-0.0002214644,1963,-1.9409326394890394,-3.3214834555016197,0.2962962962962963,0.02659776958284398,0.0028467584701388528,-0.5617580243121651,13.199298623278844,-98.15,-0.07825247063276332
-1.452310139519878e-17,-76.10270183108976,0.60972154,314.36910397348123,3.0004466,0.31802982,0.5723862980944279,0.03892096199184769,800,-2.2808542,0.9999998056833495,1.0,0.005200452,-2.485951833875839,0.8421584818952321,0.9954907,-0.0014306594,1957,-6.65633061695515,-8.784191738083074,0.2962962962962963,0.0282970441393575,-0.002375525303831359,0.011219254077373564,310.9536450343956,-197.75,-0.07610270183108976
-2.8737825511025287e-17,-75.31649638332274,0.5960322,153.78918789366614,3.0979028,0.2538481,0.5728404074588774,0.07217379259943824,820,-2.855947,0.9999997188566968,1.0,0.0027394732,-0.5558115512770253,0.9616759452284226,0.9972811,-0.00061800383,1978,-9.672535302969903,-5.785016161943559,0.2962962962962963,0.026793940534854517,-0.0008340551916018613,0.06491928643893141,143.3568751001439,-148.85,-0.07531649638332275
2.7687978013057972e-17,-6.376713165788263,0.5987479,3.076000419298622,2.673999,0.16803885,0.5730519640441116,0.4221082556160882,840,-2.469892,0.9999987954070062,1.0,0.0052940217,-0.5555272805840544,3.3018838264988495,0.998471,-0.0012762685,2053,-1.663284572846947,-3.3383582699297047,0.2962962962962963,0.02748320869065542,-0.00671877848506035,-0.3685629863479958,2.984110840215344,-102.65,-0.07574186744517111
1.417541617476509e-17,-74.99258557956796,0.62850773,171.4017661282987,2.9656978,0.2486527,0.5724935319120632,0.03203860496434452,860,-2.559685,0.9999997292577935,1.0,0.0024411632,-2.5127867733808014,1.0529386766595754,0.9987612,-0.0004946196,2005,-8.703944792661945,-6.209417397609691,0.2962962962962963,0.031168366881232774,-0.00456105509756601,0.005092786126527082,168.32041972781846,-150.2,-0.07499258557956796
-3.584978485167004e-16,-6.1257266529562795,0.6013468,2.8815207205718276,2.6195762,0.29216635,0.5717808876419276,0.9721650022250036,880,-2.4891353,0.9999959417147627,1.0,0.0035854466,-0.5549813996559678,3.700168424376198,0.99877745,-0.0012551337,1982,-1.9488335882548162,-3.225457482276659,0.2962962962962963,0.02671491795294036,0.0025579131753138994,0.9437518211018241,1.92889269946936,-99.1,-0.07539274054055559
1.6091171369630768e-16,-6.067117778444475,0.64649993,2.8737680320226873,3.0753868,0.3283291,0.5715750862431229,0.9645046326199977,900,-2.2270024,0.999995563030688,1.0,0.00605625,-0.5547117770921377,3.172501116398473,1.0021725,-0.0043888013,1965,-2.715853312593683,-3.2190766918688336,0.4444444444444444,0.026343990685592827,0.003380507262805392,0.9639808469297543,0.10719696063733308,-98.25,-0.07578741336864098
2.1640895505383762e-17,-6.324794768148792,0.632649,2.920784305045366,2.9700413,0.3337844,0.5723061372723538,0.9726464930233814,920,-2.0185528,0.9999937445346029,1.0,0.005779973,-0.5545040632356995,6.0619069235096905,1.0069301,-0.0023740882,1970,-2.9289616810767125,-3.243713082060893,0.4444444444444444,0.02621241440680694,-0.0006298054474772973,0.9554143711599555,0.08098265177468085,-98.5,-0.07618102760220109
-2.2239209256967142e-17,-74.3419658951096,0.7180248,274.2547354309587,3.5260155,0.32691953,0.5721350654750059,0.06241926801603037,940,-2.787173,0.9999998013819001,1.0,0.005587053,-0.5543352899406627,0.3093807021909257,1.0106292,-0.0043625613,1917,-7.055262913250613,-7.920240442019668,0.4444444444444444,0.025992249459712312,0.0007365700939710918,0.03215820214873055,264.6542488082312,-195.75,-0.0743419658951096
-3.5385594410363554e-17,-71.71773247143881,0.7447566,405.2423870968247,3.2946754,0.2481894,0.5713082054776613,0.028732181837716753,960,-2.8262146,0.9999998269833577,1.0,0.009740822,-2.557420813382388,0.680341353431547,1.0164913,-0.009362293,2008,-5.752161204245589,-11.290937252435361,0.6666666666666666,0.036617626469163306,-0.004639356508054403,0.021840407057903133,399.9982414252703,-250.25,-0.07171773247143881
1.2476606422477615e-17,-10.952136289670035,0.8390198,5.107547423094592,3.1267247,0.0940779,0.571743772377338,0.16766916274211152,980,-2.671972,0.999998681358358,1.0,0.00031923407,-0.5539971255429914,3.015885429602238,1.0189502,-0.00044442716,2278,-2.9429457156227463,-3.6838775654021876,0.4444444444444444,0.036861356871520014,-0.002201739759944727,-0.23568929301983577,14.378218495316034,-113.9,-0.0721346410224449
-8.605188841385296e-17,-11.665278217747806,0.8447356,6.07463674250828,2.891448,0.10270799,0.570033889755129,-0.03326505928902557,1000,-2.9750047,0.9999988714050614,1.0,0.0069332197,-2.569789839398858,5.411204944956488,1.0175117,-0.0035320271,2312,-3.17551457115811,-3.8288465142442156,0.6666666666666666,0.053543570397924366,-0.004689206589483999,-0.33328014857620625,6.28270837459731,-115.6,-0.07255525049576496
4.881059028773995e-17,-6.18174617816462,0.76602453,2.823201867760269,3.4662771,0.2204012,0.5667300037554089,0.9062048231411948,1020,-2.8793802,0.9999972909594264,1.0,0.0004858799,-0.5540941824447742,4.744134870631141,1.0189415,-0.0002615191,2038,-1.3554688730164626,-3.195213310351639,0.4444444444444444,0.02728536459503083,0.00199828453518655,0.8270717141241153,0.4512545553397982,-101.9,-0.07292450554958395
3.75767792950053e-17,-6.381187782233229,0.77596635,2.966039934832799,3.0543954,0.21706271,0.5674328281488955,0.9468766320217276,1040,-2.3494532,0.9999963229576732,1.0,0.0066116555,-0.5540066514749149,3.8826363134350412,1.0229042,-0.0019825948,2080,-1.3768914540540078,-3.270980447561706,0.6666666666666666,0.028134519977678563,0.0014219493561562734,0.8838828418700589,0.15989072028990617,-104.0,-0.07329937449475586
5.824120784918854e-17,-72.69925831561963,0.73652023,142.85058378832406,3.4659553,0.33035278,0.5671588217658978,0.15039675903516803,1060,-2.3368077,0.9999997174020568,1.0,0.0009998429,-0.5539855323531845,0.3130750490066092,1.0277121,-0.00047406572,1952,-9.890342703672179,-5.533012353971091,0.4444444444444444,0.025677615826178467,0.000600923582207566,0.03662162579479067,121.42753779909476,-147.55,-0.07269925831561963
-2.1640895505383762e-17,-71.24270835716375,0.7228346,261.73781814430345,2.8954945,0.31527823,0.5673099332782378,0.19931355038201803,1080,-2.2048156,0.9999997740288322,1.0,0.0057597794,-0.5538412814465036,0.9643097643615459,1.0293502,-0.0032038095,1970,-6.943806636716789,-7.909294249107079,0.4444444444444444,0.02669951201129573,-0.0010037470315156258,0.1505514031040761,217.80110331352293,-198.4,-0.07124270835716376
2.84644060394632e-17,-70.72717298198859,0.7579486,136.4571243605038,3.113821,0.28181022,0.5669142611215486,0.21086513379167526,1100,-2.3677084,0.9999996852797177,1.0,0.003242073,-0.5536488083749485,1.2804511416269269,1.0310504,-0.0010110234,1997,-10.361592453696444,-5.479745823701124,0.4444444444444444,0.026415309407739517,0.001973842612410197,0.1938722162111607,108.21298943596021,-149.8,-0.07072717298198859
-2.832258039900748e-17,-70.23376949449394,0.8186714,119.6071303071038,3.110094,0.25258726,0.5670107175978717,0.0471300602061393,1120,-2.5722837,0.9999997103919244,1.0,0.002258414,-0.5535698601265513,1.45027246250903,1.0359306,-0.000784445,2007,-9.621454114579848,-5.1430391837733165,0.4444444444444444,0.027096021194538966,0.00019321448201987235,0.029472596101020265,114.43531721300661,-150.3,-0.07023376949449395
2.6377456547938754e-17,-69.78398968464046,0.83966976,127.89679744920412,2.954575,0.18209222,0.5667718852222161,0.10791013063446009,1140,-2.5371664,0.9999996932804547,1.0,0.0056222766,-0.5534779019591893,1.5779255957168783,1.0337665,-0.0024064188,2155,-9.718842490036243,-5.595035282816745,0.4444444444444444,0.031406061966014684,-0.001623637123010656,0.04929188697304787,114.0955134089641,-157.7,-0.06978398968464046
-3.842069541115783e-17,-14.145142537079943,0.8655217,25.939754197632347,3.0703828,-0.52055323,3.0099999999997795,-0.001766299938239957,1160,-3.3608902,0.9999990404227541,1.0,0.0012507853,-2.6348746951610456,5.425380042474482,1.0309874,-0.00059008773,5918,-2.50716800398341,-9.533648928147652,0.2962962962962963,0.22450024999084786,0.1334082093862256,-0.7749612294066186,29.508444523677976,-295.9,-0.07072573240388572
-5.784608432239621e-17,-14.078102518648397,0.9049887,18.893044621753607,3.1167634,-0.1278243,0.8930000000000007,0.2703740270583619,1180,-2.9242375,0.9999993219784359,1.0,0.005590225,-2.6231918526948035,4.031120737895516,1.0341344,-0.0035629321,2948,-2.1198604300065806,-5.673509769217521,0.2962962962962963,0.06977177540484643,0.010464788652143715,-0.1581562238727623,21.097628263553464,-147.4,-0.07119643350610323
-1.0444038252230772e-17,-6.1450507139053565,0.83226657,2.7342044936882393,3.0735283,0.23865491,0.5445078833838768,0.5472744354290675,1200,-2.3581128,0.9999992440861178,1.0,0.010840583,-0.5557213376116324,3.62168850800616,1.0398175,-0.004544583,2041,-1.2722342016656247,-3.1399114675988575,0.4444444444444444,0.026561834900389887,0.0026642808847774898,-0.9691061716547866,1.3553773214982934,-102.05,-0.0715218173389549
4.081539191429147e-17,-5.964356008232888,0.74890256,2.6592322102668975,2.8055232,0.25376153,0.5440905101214231,0.9367993437701937,1220,-2.5411558,0.9999983335515579,1.0,0.00020189946,-0.5556511264381908,7.358778045641457,1.0439403,-0.00017499966,2002,-2.646282824163481,-3.0998226776880395,0.2962962962962963,0.025561384178756814,9.757819371750358e-05,0.40642048155051413,0.17261242710991245,-100.1,-0.07183960687241935
5.687185478820211e-17,-71.34985156252712,0.7626161,149.95544789548194,2.9926982,0.24814662,0.5444301316306601,0.03221353030781482,1240,-2.6173525,0.999999712924209,1.0,0.0007761299,-2.6410084347148426,0.8590537597088777,1.0469818,-0.00024102951,1999,-9.517030795264624,-5.777295313858115,0.19753086419753085,0.02682534229442158,-0.0007498925927199194,0.015429648391273698,147.48942501007824,-149.9,-0.07134985156252711
-4.191992541357523e-17,-6.15746176660975,0.72574127,2.728503488321936,2.992538,0.2269763,0.5440329901683845,0.6908332805774582,1260,-2.3425536,0.9999969542041321,1.0,0.0046706125,-0.5554560047137485,2.3422908223285765,1.0477703,-0.0010148184,2034,-4.6453018743169405,-3.1367988978134957,0.19753086419753085,0.025973626822120826,-0.0006390966749763022,0.80360881421619,2.5184322251926408,-101.7,-0.07166626871711793
-4.3928453524581154e-17,-71.18083065049933,0.72054803,116.7400712601639,3.0751119,0.3003648,0.5443188379014604,0.19917681566422685,1280,-2.6779177,0.9999997038595471,1.0,0.005753358,-0.5553791306357225,0.5569096299567419,1.0471604,-0.0016323893,1941,-9.930778424633951,-4.991417232400621,0.19753086419753085,0.025132001847429253,-0.0015431385325287417,0.052840088787422856,94.88892055363645,-147.0,-0.07118083065049934
0.0,-70.72024374467763,0.74820995,129.32565267848722,3.0512488,0.24011889,0.5442159912752033,0.18774372699050856,1300,-2.5626707,0.9999997018098324,1.0,0.012653476,-0.5551977517512756,0.8596614633775016,1.045354,-0.00399132,1989,-10.2363152399098,-5.316581081390095,0.2962962962962963,0.02577975926735555,0.0012217551183948152,0.09280399247617532,105.67670224926084,-149.4,-0.07072024374467764
-3.3156450572099866e-17,-6.615115668323865,0.7578348,2.9506677698077546,3.0384698,0.11309536,0.54453556082903,-0.4196504520030786,1320,-2.4535396,0.9999989576122904,1.0,0.010220527,-0.5550805156472,4.638747250965272,1.0504528,-0.0029409484,2143,-1.9728298816742675,-3.2561795823779254,0.4444444444444444,0.028759613847932165,-0.001416534416569033,-1.0996641584987432,4.3866548761038135,-107.15,-0.07104211375660245
-6.928744376012678e-18,-6.291770935416421,0.7523176,2.7360766089646997,2.9939566,0.17986365,0.5441043067758898,0.9252166678854115,1340,-2.2478476,0.9999981468584682,1.0,0.0028065355,-0.5550933537731862,6.191307683822133,1.0544767,-0.00068398507,2051,-2.4025496575729464,-3.1440904836739696,0.4444444444444444,0.026167916483190307,-4.252327576137873e-05,0.27445536482027233,0.20624517167199596,-102.55,-0.07134892471666604
6.631290114419974e-18,-7.709758824914785,0.7356061,3.126167079082093,2.744811,0.10033648,0.5441623211997445,0.7691328549926719,1360,-2.4296446,0.999997116984427,1.0,0.012608656,-0.5550285122604596,10.660515668433945,1.0548943,-0.004704183,2143,-2.8776888658811246,-3.303215038967491,0.6666666666666666,0.028635109605001364,-0.005043196931587105,0.7007642753685656,0.7327155592557048,-107.15,-0.0716679723580036
2.8578893343794876e-17,-71.20992411568163,0.6971111,129.97449202323224,3.284108,0.22475421,0.5436210631839052,0.05286906131246083,1380,-2.0654285,0.9999997080726016,1.0,0.0040781875,-0.5550499511873846,0.38275027844746745,1.054507,-0.0027317218,1989,-10.005746220233737,-5.331065643711649,0.6666666666666666,0.025540089148006657,-0.0032236704209730313,0.03939670242262083,123.66474191250234,-149.4,-0.07120992411568162
-1.0393116564019019e-17,-6.144005758193761,0.73507345,2.747147379063034,2.8590078,0.14839381,0.5439619798987207,0.7490406273919337,1400,-2.8133552,0.9999964577045098,1.0,0.004920635,-0.5549024939693928,2.1644362849532337,1.0592533,-0.0020799313,2051,-3.1107350698051905,-3.150981025030549,0.6666666666666666,0.026005902642220753,-0.0012018309507941614,0.8156633045738504,1.4929558204399567,-102.55,-0.07150965517219465
-1.4267926420885546e-16,-5.876414450393009,0.6660343,2.6357166582275764,3.2462718,0.20657775,0.5438979569394508,0.928663311937345,1420,-2.5906463,0.9999963216555455,1.0,0.0021498809,-0.5548426561322372,3.0718024163032083,1.0634803,-0.0010929145,1992,-2.9831063529921504,-3.0851062025840985,0.6666666666666666,0.02523271246021998,0.002531616872068399,0.8234895468740315,0.1996256416943611,-99.6,-0.07179963590944428
1.3939043369496817e-17,-6.194314448121169,0.7061056,2.7691486559599086,3.2121468,0.15522821,0.5440041447659316,0.9356755966950806,1440,-3.0262067,0.999996675790999,1.0,0.00084926747,-0.5547005910251782,12.223270734990704,1.0627224,-0.00048469123,2039,-2.701555124066007,-3.1615817438654426,0.4444444444444444,0.025980419080650845,-0.0017795869286598809,0.8449617429539721,0.17829391489303192,-101.95,-0.0720951945109357
0.0,-70.9271350185103,0.697675,289.89362376911765,3.4305804,0.11438544,0.5438552312951747,0.14978147083968618,1460,-2.7191663,0.9999997840565134,1.0,0.0034725459,-2.737489592965855,0.44786506492236455,1.0608089,-0.0019394648,2032,-6.5790691684216505,-8.786819693756692,0.4444444444444444,0.035904360173610504,-0.011303467535705936,0.05633105297912233,255.91280060428414,-201.5,-0.0709271350185103
1.0599841905918948e-16,-6.11830065455942,0.6790862,2.6384629662405286,3.007488,0.18030772,0.5435901310602148,-1.310413583539499,1480,-2.5666585,0.9999987105635882,1.0,0.0028828767,-0.554553514718631,6.9986061012893455,1.0569409,-0.0026242202,2011,-3.790031014519224,-3.085635463019647,0.4444444444444444,0.02570853969618827,-0.00190040991667008,-0.681816301806212,10.54515659979642,-100.55,-0.07121047526100943
0.0,-69.43134315007688,0.6375145,364.6190876972347,3.1852393,0.21735986,0.544130349558623,0.2974740838983696,1500,-2.5853796,0.9999998093026066,1.0,0.004589311,-0.5543852301428365,0.9509796110950155,1.0539169,-0.0010501402,1942,-6.158081919144318,-10.290357475908309,0.4444444444444444,0.024560493295467684,-0.004016835145287218,0.15981006740319625,274.41775202065344,-246.95,-0.06943134315007689
-2.1499023774889567e-17,-68.42231699766121,0.6302427,252.66929637730684,3.0260568,0.16530585,0.5434517938295742,0.046818295010928046,1520,-2.2862191,0.9999997826787858,1.0,0.0012932665,-2.7556665223471755,1.5911129600405436,1.0527279,-0.0013279275,1983,-6.816545691871331,-7.910404041892685,0.2962962962962963,0.027079450099925628,-0.0037077171410845955,0.01739518768111803,241.69565690165277,-199.05,-0.06842231699766121
-4.946592889428843e-17,-5.702811790604179,0.63458484,2.4510442275370647,2.8951964,0.14384402,0.5446049635925141,-0.7661503453585523,1540,-2.4851027,0.9999992597422376,1.0,0.00062441244,-0.5540482480946531,4.883768828906729,1.0487626,-0.00037671495,2011,-2.5960857864203417,-2.97566864070029,0.19753086419753085,0.02548540348273904,0.00029695329382795716,-4.953048484026634,9.045852237632838,-100.55,-0.06868935330803377
4.135154603853976e-17,-5.724983152220898,0.62762177,2.482943048816854,2.7890444,0.1359555,0.5443957834610931,0.9147179102337735,1560,-2.080846,0.999998638593262,1.0,0.007199452,-0.5539223118542113,9.620368642516745,1.0469745,-0.0013813984,2019,-3.0462380477839717,-2.996714114172427,0.2962962962962963,0.025493051591810655,-0.0005239409487698454,-0.25969193914814626,0.21176297884417541,-100.95,-0.06895640341372365
2.0233775104701477e-17,-6.296873821537882,0.6720173,2.693408149659223,3.1396327,0.05580094,0.5444589804364468,0.9208204223315646,1580,-2.5564058,0.9999962263217371,1.0,0.006247551,-0.5538249772921848,8.16433593274348,1.047955,-0.0012065365,2107,-3.4491568050500563,-3.121840003478141,0.4444444444444444,0.026569147977031016,-0.00522439372690383,0.8563650726326715,0.21707762174721348,-105.35,-0.06923390145182694
-7.059540345356187e-18,-5.810603075602148,0.6785438,2.5174302527451746,3.0296662,0.13273388,0.5442198415884995,0.9319721800714401,1600,-2.4625263,0.9999957920219192,1.0,0.004636068,-0.5538035075448586,8.692712608189083,1.0491558,-0.0014611827,2013,-4.242867902831021,-3.014089206185869,0.4444444444444444,0.025623383178141744,6.636626938063296e-05,0.8935997507189799,0.18347072150523347,-100.65,-0.06949807855882004
0.0,-5.833093913079443,0.638376,2.6189313103062384,3.0843327,0.06720245,0.5441489961109994,0.9573037743700391,1620,-2.530168,0.9999936971444928,1.0,0.005219473,-0.5537201807761131,3.7108368013260833,1.051302,-0.0038429685,2058,-2.5352673368952665,-3.0811315227770395,0.4444444444444444,0.025431182909703098,-0.0021213305379891353,0.9521255932525866,0.11264825475292135,-102.9,-0.06976708161573407
4.133064871120311e-17,-69.40807667254721,0.69457096,140.99752517693574,3.4777637,0.09927775,0.5442355822776702,0.04391291241249473,1640,-2.8846045,0.9999996970057576,1.0,0.0021894262,-2.8053166451001696,0.39384475280676223,1.0488772,-0.0015010681,2063,-9.61189998109105,-5.703023896474925,0.4444444444444444,0.027728820692831162,-0.0061436425792529194,0.03481968232700339,136.6736219020841,-153.1,-0.06940807667254721
1.6420823936680216e-16,-6.065666681328353,0.6552858,2.655501818841305,2.9970133,0.07712431,0.5442303848414184,0.8801361968464098,1660,-2.877723,0.9999954778362508,1.0,0.0018399847,-0.5536140895372301,4.236348650286114,1.0518138,-0.0006963719,2077,-2.714471432720586,-3.1019855113630825,0.4444444444444444,0.025606966541697605,-0.003914431527961226,0.9149934906253168,1.6650626328221387,-103.85,-0.06967504934942523
-6.908534134760332e-17,-69.32274030509912,0.64441204,146.88251864260408,3.1181626,0.08520272,0.5439841258979832,0.0792102126578148,1680,-2.2919044,0.999999685362596,1.0,0.0017218842,-2.8205237928362523,0.5168214050110562,1.0543108,-0.0043091336,2057,-8.374605458727235,-5.836690281432768,0.4444444444444444,0.03437225890902384,-0.005563584617984263,0.06967806016527234,136.86526178562178,-152.8,-0.0693227403050991
-2.22154800758741e-16,-5.735657259316685,0.6702907,2.5204814815237415,3.1333923,0.12684463,0.5442475590723055,0.9379640114627671,1700,-2.2717385,0.9999964471067594,1.0,0.00062943465,-0.5535555820942664,3.81379552212034,1.0545099,-0.0002208148,2015,-1.6343352293593874,-3.01876342028355,0.2962962962962963,0.025234028683225385,-0.001129949082491855,0.9210799674989851,1.7313244563309096,-100.75,-0.06957759604305401
-2.3169871818264136e-16,-5.999919516926995,0.68112266,2.565855424848513,3.3182003,0.12751722,0.5441523920375869,0.9401816760488251,1720,-2.8712478,0.9999952927261118,1.0,0.0019420974,-0.553462954333218,4.3044240819781665,1.0566155,-0.0005789356,2024,-3.6106376898601926,-3.0429056476655982,0.2962962962962963,0.025740209033780027,-0.0029113839627138574,0.9004893290723084,0.15350073681262003,-101.2,-0.06983264544376097
2.1063519834785577e-17,-6.141088578288732,0.64481324,2.5852177255235373,3.692216,0.11379024,0.5444615734622168,0.9519023370317663,1740,-2.8649554,0.9999985337717461,1.0,0.003748926,-0.5534112759389016,6.271152632515899,1.0574722,-0.0009061679,2024,-4.762026400117253,-3.0540716575275697,0.2962962962962963,0.026116022640357523,-0.0008759266870825358,-0.23674710358454587,0.12853847636089483,-101.2,-0.0700867667125375
7.00042104197143e-18,-6.043572005357068,0.6921848,2.608194760588611,3.858585,0.098203145,0.5442143753902777,0.9699133067165224,1760,-2.2944934,0.9999919595919262,1.0,0.0063804775,-0.5533166886810881,4.123372821169817,1.0586647,-0.0041977963,2030,-4.210188211710347,-3.0713273557308383,0.4444444444444444,0.02558859699024187,0.0011498099967112531,0.9651330860279548,0.07925970668146849,-101.5,-0.07034071371678911
-7.028118058952524e-17,-69.9819493987937,0.66070735,146.24464232404614,3.0207927,0.12125459,0.5448029190742173,0.07996329291846493,1780,-2.04022,0.9999996974739299,1.0,0.00084952544,-2.8566229248654893,0.3356327867288813,1.0611851,-0.0008977683,2022,-9.129210244427284,-5.750217824423218,0.2962962962962963,0.029905771833427013,-0.0030158514305857827,0.05345256742650628,136.49618530453174,-151.05,-0.0699819493987937
1.049546138493501e-16,-5.830889219400736,0.67905843,2.6006093348620567,2.7958648,0.10653963,0.544469160383896,0.4388890898826935,1800,-2.4480438,0.9999975326662107,1.0,0.006436166,-0.5532074126066444,4.787114594367134,1.0606377,-0.001334092,2031,-1.5991592106104182,-3.0676072425088123,0.4444444444444444,0.0252286795124368,-0.0015082850722104614,0.6096235993101802,2.3428856314800592,-101.55,-0.07023202314888047
-8.868992381067021e-17,-5.975166039916208,0.6843617,2.7219516809925404,2.8616822,0.0734774,0.544504202430809,0.946918547956809,1820,-2.9226859,0.9999974118703112,1.0,0.0007672506,-0.5531611810513937,4.8414580708679384,1.0583829,-0.00048825046,2083,-1.800276788649415,-3.1442340229947185,0.2962962962962963,0.025913301593885118,-0.005215994151787986,0.5529192399885536,0.15441373901991953,-104.15,-0.07048753159369053
0.0,-70.13774496878548,0.6996506,150.1381215824999,3.1999044,0.09125857,0.5439019432948419,0.08153708268740223,1840,-2.35558,0.9999996919783591,1.0,0.0011913418,-2.878177365412104,0.36011111111991684,1.0571574,-0.0002399619,2060,-8.852246420861356,-5.904525047956805,0.19753086419753085,0.03232005637738068,-0.0034298976421643485,0.06686647089177733,140.08036424167142,-152.95,-0.07013774496878548
1.9670197153145077e-16,-6.206892323707372,0.7196668,2.6772320888742875,3.1681476,0.10056402,0.544609170828814,0.4948322306963252,1860,-2.3818603,0.9999951504412724,1.0,0.007443958,-0.5531557771247555,4.149382027809111,1.051852,-0.0022656021,2059,-3.070606894207489,-3.1114885431397554,0.2962962962962963,0.025810843026973083,-0.0015323132708955382,0.9138309310469481,2.584995933958401,-102.95,-0.07038639799103535
-5.664516079801496e-17,-5.987071026021916,0.6770533,2.585375724721003,3.2662313,0.12640679,0.5438943932154755,0.9095942471049595,1880,-2.6583998,0.9999979455666439,1.0,0.0030680075,-0.5531829865019979,4.654313814490664,1.0494628,-0.0010527319,2007,-2.3785045352336636,-3.054894126241066,0.2962962962962963,0.02531779223963666,0.0010196856835390784,0.4211280489034692,0.2541818895525135,-100.35,-0.07062797172182149
-2.1359000072948903e-17,-5.96633255765304,0.7003818,2.5804920851164987,3.6993532,0.13827145,0.5446074033311676,0.9348996674367054,1900,-2.5624359,0.9999956590454645,1.0,0.0057243006,-0.5531415667904953,4.54807467821073,1.0490563,-0.0055286186,1996,-2.0034767783330274,-3.051079172684837,0.2962962962962963,0.024856175650491884,0.0003469467589902697,0.8977215580468925,0.17213082027321033,-99.8,-0.07086741366070297
-2.931584263063848e-17,-69.92442162780311,0.6986819,258.15031697211685,3.4340234,0.19270734,0.5431685615689977,0.28608042319749283,1920,-2.3340783,0.9999997871180516,1.0,0.013705983,-0.5531069007149704,0.3807023188227926,1.0485747,-0.005179285,1939,-7.016648575040339,-7.846608508541235,0.4444444444444444,0.023982657037993852,-0.0015990417208135183,0.04662275013626027,192.54972470912764,-196.85,-0.06992442162780312
0.0,-69.59442239322468,0.71790487,145.00337356864932,3.222056,0.12510936,0.5448861629778834,-0.04159940082139091,1940,-2.5658553,0.9999997243947748,1.0,0.0043441835,-2.914002186568056,1.5523365144625703,1.0465991,-0.00073007925,2029,-8.415043679257867,-5.739102505192458,0.4444444444444444,0.029765908587046964,-0.003147779394479804,-0.1142892273297782,151.03680616897668,-151.4,-0.06959442239322468
3.590413015462861e-17,-5.589697891122885,0.67544025,2.46541782299922,3.4438753,0.1689261,0.5448842611042601,0.8681081744368009,1960,-2.3344276,0.9999987101291986,1.0,0.00069336715,-0.5530851763785288,6.6523970106248775,1.0452229,-0.00065262394,1979,-3.797125252412678,-2.9833459195769865,0.2962962962962963,0.024494122933074854,0.0038230771168266584,-0.6553318055940016,1.9555941894348319,-98.95,-0.06982372193027751
0.0,-68.94510095538821,0.7400933,238.09562233122887,3.606975,0.15224253,0.5446240639631346,0.21593114607236596,1980,-2.9724712,0.9999997861637275,1.0,0.013252791,-0.5530520963696375,0.5140567128642558,1.0443909,-0.004158046,1941,-7.000529239523777,-7.428666771983306,0.4444444444444444,0.02428372957341182,-0.001626924197155092,0.014968131571583165,188.033260186848,-196.95,-0.06894510095538821
0.0,-5.743398238565538,0.7498021,2.5709123067461537,3.4939237,0.08692562,0.5451777538876773,-2.2699948576736344,2000,-2.3987598,0.9999991131228405,1.0,0.0020548564,-0.5530194455243274,5.532669290739956,1.0428712,-0.0012286736,2058,-2.1514993428861438,-3.0543440092843204,0.4444444444444444,0.0252797301344518,0.0011327487190102136,-2.6803456131779924,10.006787772908854,-102.9,-0.06917820985212106
-1.3817068269520664e-17,-68.87480439856648,0.699304,145.78300364065464,3.3001266,0.06457605,0.5445311680138968,0.15697630085210101,2020,-2.7702868,0.9999996981151887,1.0,0.0044577788,-2.9427339296649815,2.535929983130039,1.0452209,-0.0024883403,2057,-8.551271187514994,-5.8169585337524055,0.4444444444444444,0.033509458604823114,-0.004077686666786833,0.06948485780625224,123.92832175902693,-152.8,-0.06887480439856648
-8.090338080436784e-17,-5.7369349898264135,0.6892393,2.495942039512113,3.6150827,0.08687715,0.5450945432161421,-0.06629087114674137,2040,-2.4868245,0.9999981786022851,1.0,0.012474867,-0.5531227939278249,6.4608698638635245,1.0458075,-0.0034569656,2020,-1.954320017215852,-3.004369257126178,0.6666666666666666,0.024382325470387774,0.0029247683932894625,0.333469051358124,3.337517595401944,-101.0,-0.06910036117107379
-5.5322062151637973e-17,-68.2871545116117,0.7221802,265.114795108788,3.412747,0.056420427,0.5452176566466562,0.09320592913793158,2060,-2.6196916,0.9999997695032156,1.0,0.0003105545,-2.9542966781612185,1.8040252030751465,1.0459632,-0.0012098926,2055,-6.318755315645304,-8.407422926130515,0.4444444444444444,0.03867283886881864,-0.0035567250642501553,0.07144688298080926,247.36829285750406,-202.65,-0.0682871545116117
-3.459312248101754e-17,-5.728121703584772,0.74295795,2.51420225250206,3.5960834,0.052662894,0.5446462502695626,-0.36752470540214555,2080,-2.6732123,0.9999989760693607,1.0,0.0048593646,-0.5532164984753357,8.460743552993698,1.0509449,-0.004019241,2054,-1.716967858999408,-3.0200203223025546,0.4444444444444444,0.024463556369222605,-0.0001612909393968513,-0.8037576812561247,7.273629118632091,-102.7,-0.0685115549918995
-1.402848441777098e-17,-5.7465692805088215,0.7473318,2.4801962947377834,3.561077,0.07818988,0.5447679191116188,0.9609909424948313,2100,-2.5765977,0.9999991003778552,1.0,0.012309529,-0.5532800990778363,7.253399266574175,1.054555,-0.0088943485,2026,-1.5442499411437416,-2.9956808656480916,0.6666666666666666,0.02413551317145394,0.0017320270613167138,-1.4511552754664203,0.0969036715682301,-101.3,-0.06873219838013411
2.8636483053303785e-17,-68.43909963698923,0.71254236,125.52134379012685,3.6256793,0.09818857,0.5450370274409977,0.11717796359262178,2120,-2.700211,0.9999997019190605,1.0,0.0037486886,-0.55333271917112,2.338306808966811,1.0605063,-0.0039119986,1985,-9.777777832433904,-5.234903993130185,0.6666666666666666,0.02414686938088903,-0.002601682429097082,0.020012146689852406,112.28314320078859,-149.2,-0.06843909963698923
4.2526248524295273e-17,-68.15543397509953,0.7137593,140.73307659333284,3.607059,0.08585547,0.5448318411903085,0.04972732378677258,2140,-2.6719074,0.9999996961512948,1.0,0.00019043707,-2.978308311464659,1.0036692762230812,1.0648361,-0.0007805594,2005,-9.365112647514364,-5.62237637935609,0.4444444444444444,0.027445952094274827,-0.0022784351266891996,0.029704436263733647,133.92580769347268,-150.2,-0.06815543397509953
1.419665805714486e-17,-67.8784151891106,0.72399765,123.41612842800711,3.444568,0.08099748,0.5453329439399305,0.07851137758575433,2160,-2.2975388,0.99999969134532,1.0,0.012483852,-0.5533645592033035,1.1263684725024665,1.0654817,-0.0043486143,2002,-9.172120177731871,-5.215150442063423,0.6666666666666666,0.02406050899100109,-0.0025452554802809766,0.043401257528088544,113.93372027040117,-150.05,-0.0678784151891106
-3.4525886091355695e-17,-5.693288120112822,0.74817663,2.4959678588705265,3.2883334,0.05130022,0.5453328374785544,-0.3935601400873814,2180,-3.0178192,0.9999988054384333,1.0,0.00010270775,-0.5533753873457941,3.3104078560854995,1.0650578,-2.4133733e-05,2058,-2.1633865010127877,-3.0075025135212456,0.4444444444444444,0.02459856130115944,-0.0011732526919690706,-1.221771876279989,4.47631962550223,-102.9,-0.0680949257558079
0.0,-67.82777182191451,0.75774604,134.47867394469884,3.2768593,0.038620308,0.5446876379053311,0.048153121911683194,2200,-2.630326,0.9999996985232159,1.0,0.003442196,-2.9990619054203944,0.9476833576244676,1.0668197,-0.0026001204,2053,-9.157467967453494,-5.551092591596892,0.4444444444444444,0.02909057203461345,-0.000784270131238061,-0.01027015715777968,130.45630681415722,-152.6,-0.0678277718219145
-2.7473861218370234e-17,-5.6889075230012445,0.7839395,2.508960314565489,3.9152412,0.026763905,0.5454927062230895,0.8898867454358793,2220,-2.9834373,0.9999948245617728,1.0,0.0056259227,-0.5535017682023259,4.907963068186068,1.0730886,-0.0018114443,2069,-2.8032029531286473,-3.0178755341088133,0.4444444444444444,0.024476855343075754,-0.0029520061043676483,0.931343633535249,1.5572750056591402,-103.45,-0.06804253135229522
0.0,-67.77796522744383,0.7715961,136.99279864302758,3.267695,0.07530249,0.5452610200460484,0.05722947780482879,2240,-2.149493,0.9999996861484275,1.0,0.004754744,-3.0121503866872237,0.9082185527141543,1.0755372,-0.0030254119,2037,-9.385691314332744,-5.588958853534001,0.4444444444444444,0.02979616815609267,-0.0026714075439982663,0.05225044177035798,131.69153067282505,-151.8,-0.06777796522744384
6.84902785334748e-17,-5.523859693799457,0.76457715,2.41929262882853,3.5333514,0.09008134,0.5450434289848914,0.9396705257973418,2260,-2.8316538,0.9999955370866851,1.0,0.0013243927,-0.553656348761527,3.654410865483217,1.0772578,-0.00026306737,2023,-1.6047598722779042,-2.959108550425607,0.2962962962962963,0.024558765470188898,0.0008333998327505921,0.9379806225712873,1.3495378979887191,-101.15,-0.06798522759354153
-2.8622063877546835e-17,-67.71965184896766,0.7405657,117.72111344834484,3.4185586,0.13735291,0.5448384424297865,0.06527139056319231,2280,-2.4590223,0.9999996925011825,1.0,0.0062317243,-0.55369679030532,0.3989868665366191,1.0785732,-0.002545031,1986,-9.97738011254778,-5.066961020231727,0.4444444444444444,0.024151953935726327,0.0010611512497897993,0.033402402765907446,110.85785020098491,-149.25,-0.06771965184896765
-8.98983509964117e-17,-5.639557590515112,0.77153134,2.472748968427263,3.8938813,0.08588597,0.5453398021232428,0.3707653802550438,2300,-2.4730964,0.999996570654464,1.0,0.006364699,-0.5537177011715383,3.375468866746843,1.0796375,-0.0030704564,2055,-6.974482855271013,-2.9953617811201396,0.6666666666666666,0.02479842033338177,0.0007393908455419572,0.7956518938966681,2.2388295751530385,-102.75,-0.06792746772287504
-1.376353967574044e-17,-5.815055778786697,0.7940316,2.5150094423963214,3.4571028,0.0348026,0.5455402837519955,0.946151825218578,2320,-2.9207637,0.9999977078875902,1.0,0.003307605,-0.5537914894815048,5.5568608078401045,1.0789694,-0.0023180312,2065,-4.446538003779644,-3.0184278585871995,0.6666666666666666,0.024745572788867885,0.0019283975472604569,0.5291216108237985,0.13734090840271895,-103.25,-0.0681356502105446
3.7343383150315823e-17,-5.754053810798902,0.77634543,2.5735786259859723,4.5077496,0.012044258,0.5454327915474952,0.9581628770193956,2340,-2.7671838,0.9999950785811397,1.0,0.001580845,-0.5538695561867713,9.945581630340344,1.0795674,-0.0011527499,2093,-3.364844169412216,-3.0600493291194257,0.6666666666666666,0.02462858827882948,-0.004263968636999191,0.9187522217762358,0.10771568181434678,-104.65,-0.06834599105823805
-3.402982450958334e-18,-5.811363094951967,0.7186374,2.5838653924694994,3.8249927,0.031429224,0.5454908266188399,0.9713780230870166,2360,-2.3400257,0.9999929819990276,1.0,0.0010549849,-0.5539632619311697,7.24361608381945,1.082599,-0.000999011,2088,-4.997433020842762,-3.0640927618808047,0.4444444444444444,0.025121418094649673,-0.001953879525691696,0.9602299731508872,0.07506165558077527,-104.4,-0.06855518943262363
0.0,-5.907843194482817,0.7675892,2.547678176363246,3.6428099,0.046812788,0.5452146928022386,0.98089558670361,2380,-2.8322606,0.9999908957957045,1.0,0.003006048,-0.5540549733099464,3.3847911833565845,1.0828587,-0.0014284453,2060,-3.9379479116029206,-3.0391256473738526,0.4444444444444444,0.024475365411881642,0.0028724891337925857,0.9759075623036302,0.048672904212758515,-103.0,-0.06876097553871124
1.3973308471191745e-17,-68.49628217561562,0.78037333,145.02262917722177,3.5233388,0.042249523,0.5450826138807509,0.09163307055718073,2400,-2.968886,0.9999996794002332,1.0,0.004705969,-3.0698562262306908,0.3543286195587246,1.0822253,-0.0054501714,2034,-8.755575448477828,-5.768171118679832,0.4444444444444444,0.03401839996142554,-0.00031742323500758533,0.09241718045921088,134.4407991060173,-151.65,-0.06849628217561562
4.1981845539740043e-17,-68.23736164325237,0.76601076,139.26627315690143,3.5185373,0.021390166,0.5449907400024216,0.052212645501439225,2420,-2.8009343,0.9999996891611449,1.0,0.0029508125,-3.072959444049352,0.7020189440810098,1.0811065,-0.0010328667,2031,-9.412630712125878,-5.6268116941016775,0.4444444444444444,0.028515992448428406,-0.00429209077427571,0.04891129552657958,132.04609404534804,-151.5,-0.06823736164325238
6.993530863780514e-17,-5.6415399384757805,0.7922226,2.4689180977371636,3.8867164,0.05880701,0.5455191717952275,0.92208799836054,2440,-2.6360753,0.9999968005579757,1.0,0.0021515987,-0.5542489764726647,5.2372296354505385,1.0801692,-0.00090165297,2032,-3.2746148060894935,-2.989934213708731,0.4444444444444444,0.024167310651197763,0.0019297138798977868,0.8211443954967648,1.4214726502597015,-101.6,-0.0684358860987425
1.6330322044364162e-16,-5.738450526969763,0.79807836,2.507846843461082,3.6546316,0.052115105,0.5455172327422659,0.9640889277653919,2460,-2.9872718,0.9999957652820565,1.0,0.000504131,-0.5543203795132814,3.0408500138978987,1.0806177,-0.00023843789,2045,-3.5185271305590335,-3.0146792233273763,0.2962962962962963,0.024573220020726396,0.0011446500317430384,0.9193129660810202,0.0903858781912016,-102.25,-0.06863509352476618
-2.7823504092417044e-17,-68.37943751436997,0.7930036,143.8920643320766,3.917387,0.02784989,0.5452817490937936,0.08310154325016739,2480,-2.6682942,0.9999996803866851,1.0,0.006380303,-3.0925804329609194,0.3465850833151361,1.0834584,-0.0011293594,2043,-8.938537129085725,-5.757033138796654,0.4444444444444444,0.033181050572189695,-0.0026444056883349687,0.08463589620198986,133.9691721999403,-152.1,-0.06837943751436996
-4.2231366167019325e-17,-68.12718821004776,0.80067194,137.95295164401523,4.0824056,0.03571854,0.5450551142564539,0.04817958877235917,2500,-2.5800302,0.9999996906491297,1.0,0.0012027828,-3.095843805805104,0.3715834192971456,1.0881908,-0.00052112044,2019,-9.381413843926024,-5.577548385738207,0.2962962962962963,0.02845245370377438,0.0006922198187731723,0.04428252276612399,131.43058394595383,-150.9,-0.06812718821004776
-4.47748694371367e-17,-5.752186519167523,0.7701554,2.519990610570934,3.8132439,0.01637565,0.5456020550979473,0.859826802761207,2520,-3.0460706,0.9999965225873101,1.0,0.0046538403,-0.5545191013421281,3.377439988540392,1.0926268,-0.0030650096,2063,-1.602690548947485,-3.023292410477308,0.2962962962962963,0.024214057489522843,-0.005080309552281434,0.9480677404819594,1.356398874237628,-103.15,-0.0683238115824566
-3.224959629498235e-16,-5.688458754458419,0.79035777,2.4668064572943877,3.6094332,0.059322476,0.5454718393592525,0.9691264460432513,2540,-2.9896839,0.9999958372636547,1.0,0.0037680976,-0.5545955050441653,3.3489503765582755,1.0961497,-0.0036294456,2027,-7.648946063738803,-2.987573406369747,0.2962962962962963,0.02400628971733256,2.097829957862012e-05,0.8886498432370308,0.08548208659821449,-101.35,-0.0685164735415151
7.09124486786527e-18,-5.704229585962001,0.82445234,2.438077415199367,4.12212,0.0792702,0.5456253173561002,0.9750699811156222,2560,-2.6640332,0.9999927329721815,1.0,0.0031627864,-0.5546667950319297,5.504576471017708,1.0961814,-0.00073882646,2004,-2.211574362403445,-2.967510755610935,0.2962962962962963,0.024253417709064137,-0.001572151248013135,0.9645540471340349,0.06430458904374169,-100.2,-0.06870643040084833
0.0,-5.515275921561381,0.8223379,2.4112056034036704,4.3640094,0.11676479,0.5457062091195923,0.9840243923880284,2580,-2.6169367,0.9999898279815479,1.0,0.0006066961,-0.5547225824012929,4.069286646094617,1.0947535,-0.0009450598,1985,-3.5435175146244204,-2.9510613713788754,0.19753086419753085,0.02372582559380241,0.0037783324563611734,0.9824560652722573,0.0386418807908481,-99.25,-0.0688940797547285
-1.797932023684464e-17,-5.653857687665559,0.82947296,2.409535469342373,3.7438238,0.12678282,0.5456484918456572,0.9788516130463047,2600,-2.7888243,0.9999912865433391,1.0,0.0056161345,-0.5547667198345124,3.029285674723555,1.0972561,-0.001330332,1976,-7.076166227772988,-2.9482204675133605,0.19753086419753085,0.02461333719191347,0.003106139720412969,0.9740685404854521,0.05187994751310904,-98.8,-0.0690803766284814
1.4368912755512643e-17,-5.545078540887092,0.7843754,2.425867659039277,3.6096892,0.09875169,0.5455482474650829,0.9851955279048838,2620,-2.6581864,0.999989191518335,1.0,0.012692652,-0.5547936774352626,3.6171353975334926,1.0985135,-0.0028697439,1978,-3.2282914423411255,-2.958586123184951,0.2962962962962963,0.023986990506790255,0.003165530667795605,0.983013016761385,0.03596977555150868,-98.9,-0.06926635923120915
-5.927363801961211e-17,-68.99974513418361,0.77709365,127.6636207836246,3.6705444,0.15337656,0.5458427150279114,0.21778567139114702,2640,-2.3230371,0.9999997033910146,1.0,0.01260268,-0.5548020693479541,0.2522994955630608,1.0976713,-0.0062768734,1918,-9.702932867939857,-5.177333464175184,0.4444444444444444,0.0239020294626548,0.00685169367008605,0.040351343838439524,102.05482636130654,-145.85,-0.06899974513418362
-1.4210854715202004e-17,-5.6213903486834305,0.7901417,2.4623558462122372,3.9761906,0.08238826,0.5460774327297875,-2.2044569657507727,2660,-2.3624835,0.9999986371547881,1.0,0.0054813568,-0.5547692205044201,4.243476666857121,1.0981255,-0.00087304367,2000,-2.3850773374637644,-2.9827775041314184,0.4444444444444444,0.024400098755993208,-0.0013447757753308565,-0.46134628117084997,8.800207520414364,-100.0,-0.06918559185642752
1.4390738952103296e-17,-5.594868807413593,0.7534402,2.4270532001164837,3.4003367,0.102064885,0.5442800145110812,0.9346794775411877,2680,-2.3562331,0.9999987886105701,1.0,0.0031313584,-0.5548085915578799,10.097589918336759,1.0980324,-0.00079430756,1975,-2.1000465446973116,-2.959127426942139,0.4444444444444444,0.024062008431220715,0.001719599906072497,-0.6101024481843329,0.1633200507951854,-98.75,-0.06936863914778992
-1.4383456189475712e-17,-69.1098583771821,0.80792165,142.32486246285853,3.3323302,0.11719146,0.5462410008321866,0.048877835364120936,2700,-2.5503554,0.9999997006613659,1.0,0.003766686,-3.1630457517958486,0.3455562826594377,1.094915,-0.0016482064,1976,-9.478331606264549,-5.597637642398326,0.4444444444444444,0.026989297219219777,0.0037514838539541443,0.03518494135092065,137.80652974570094,-148.75,-0.06910985837718212
4.3172216856309884e-17,-5.547034333208801,0.77073973,2.4197011792340946,3.3659906,0.096029304,0.5461057633962512,0.7734753770540077,2720,-3.0043192,0.9999966005970515,1.0,0.003623155,-0.5548120511387251,3.6396143753572563,1.0914692,-0.00301445,1975,-2.574276817491639,-2.955421729024903,0.4444444444444444,0.02398450952346203,-0.0010637476995742322,0.8511840453035433,1.7218931670052793,-98.75,-0.06929079001474782
6.248491394875253e-17,-5.603254652334996,0.7801312,2.4618405891712314,4.0880194,0.10103143,0.5459296113707487,0.8801329984324936,2740,-2.36613,0.9999969810917919,1.0,0.0008511145,-0.5548186580373805,3.4620014376695094,1.0886401,-0.00074799045,1990,-2.380745241580735,-2.982211673109004,0.2962962962962963,0.024210587474273966,0.0013585262116349295,0.7844294200176118,0.29567018989503974,-99.5,-0.06947261203264661
5.738861066209794e-17,-68.78817830333051,0.7465326,271.3040261594276,3.192699,0.08880917,0.5462066855481723,0.045246811358971684,2760,-2.5244703,0.9999997807627654,1.0,0.006225681,-3.182230350369274,0.46698070391480345,1.0861593,-0.0017616128,1981,-6.636320940893748,-8.370167433793481,0.4444444444444444,0.034484415743142934,0.000904843202117546,0.040184933109585486,266.36558468527625,-198.95,-0.0687881783033305
0.0,-68.54147616621295,0.7614795,142.8464238472962,3.6457832,0.1049732,0.5463285435493853,0.03532089120898507,2780,-2.8895333,0.9999997019337797,1.0,0.004053562,-3.1849148448101396,0.6359138012599364,1.0825205,-0.002790099,1949,-9.226300457173892,-5.574871402631935,0.4444444444444444,0.02576174369980076,0.006848210217188691,0.025107535933651892,138.4598036995418,-147.4,-0.06854147616621294
-2.859326904467204e-17,-68.30332742485714,0.75765586,143.4029909869345,3.295412,0.08091679,0.5459234162752885,0.13650553157026735,2800,-2.6002803,0.999999711318106,1.0,0.0013618553,-3.1911422941320513,0.6328767026529262,1.0800784,-0.00051261374,1988,-9.432081503193105,-5.657253101110142,0.2962962962962963,0.02757652912623587,-0.0013542274565412414,-0.03657789213528195,123.90182396285206,-149.35,-0.06830332742485715
-1.9588897477095494e-17,-5.604665663261044,0.770114,2.4042960673216913,3.7683785,0.057030924,0.5460454631052066,-2.0889396624382908,2820,-2.6175497,0.9999992904931471,1.0,0.013524926,-0.5548189040626605,6.00476905949743,1.0788336,-0.0065744095,1995,-2.0158005494932234,-2.9463807204944743,0.4444444444444444,0.024403609792556135,-0.0003968834023512926,-3.2342282179552013,8.774094729020044,-99.75,-0.06847933504577683
1.3973308471191745e-17,-68.2485989945165,0.7855682,140.75890704869298,3.234517,0.07588829,0.5467339722758405,0.09499520795856509,2840,-2.6380992,0.9999996878760484,1.0,0.0017456558,-3.2029253344857733,1.1649369370402538,1.0767052,-0.0010392175,2034,-8.852872497549239,-5.668605753184019,0.4444444444444444,0.033269168052149294,-8.445725237489309e-05,0.06045735216389059,129.19034898469127,-151.65,-0.06824859899451649
-2.798789702649336e-17,-5.680928624102943,0.7589129,2.4681866515505275,4.0783234,0.06966607,0.5454999211543257,0.6636604546444751,2860,-2.2704253,0.9999976816511987,1.0,0.007154153,-0.5548886481941306,3.787195500368227,1.0780951,-0.004613353,2031,-2.6618584832776566,-2.9886302876800293,0.6666666666666666,0.024527615850355802,0.0008191597784307534,0.6304082993088915,1.9242445514313238,-101.55,-0.06842577446123084
7.655210669305682e-17,-5.735804307500643,0.8015084,2.4983483294748803,3.3601418,0.043054204,0.5458862651111435,0.9234478209293441,2880,-2.624842,0.9999974975973387,1.0,0.0016619082,-0.554939109930336,3.556779493580512,1.077785,-0.002852612,2042,-4.002490073183771,-3.009285847252759,0.6666666666666666,0.025017548551234566,0.0024649318392990925,0.6536899712691677,0.19145025669331908,-102.1,-0.06860344325264188
-4.221045955010496e-17,-68.37316152806248,0.78052235,141.42118129875374,3.2863705,0.05088249,0.5452616819235973,0.1383482111817157,2900,-2.5297692,0.9999996945125245,1.0,0.00034046793,-3.2200992113415587,0.4957793274976531,1.0782204,-0.00028777512,2020,-9.543278352308004,-5.658963798950324,0.4444444444444444,0.028573664599107464,-0.002625508004580212,0.03865319634076758,123.94661859241968,-150.95,-0.06837316152806248
-1.3864248502636101e-17,-5.691205906640519,0.7748833,2.511425270549658,3.344317,0.037496552,0.5468228369778629,-0.7240939250426548,2920,-2.8167856,0.9999992146072492,1.0,0.00027457828,-0.5550301654055726,7.150294708382387,1.0818543,-0.0007753867,2050,-2.2612355312715797,-3.0171637574144867,0.2962962962962963,0.025040465801593914,-0.0023628168876845563,-2.9659764589801627,5.765185958565658,-102.5,-0.06854956250074358
4.1370756085013113e-17,-5.746088562553976,0.82900363,2.544195388777351,3.1372814,0.04515126,0.5467387919600344,0.9583822892109003,2940,-2.995782,0.9999989018963032,1.0,0.0062758764,-0.5550883506883895,6.209533370893423,1.0807896,-0.0018134997,2061,-1.5167255336865928,-3.038308973404268,0.4444444444444444,0.024705578093814597,-0.0018860569412466278,-0.7795367304988394,0.1115385399874747,-103.05,-0.06872644872321279
-1.595530095269686e-17,-5.556912370337964,0.7737451,2.4477010544699036,4.2587156,0.099782564,0.5464671459934388,0.9678996511854033,2960,-2.5479074,0.9999930156526791,1.0,0.004994215,-0.5551616501478874,3.1605894124180884,1.0780636,-0.0039425986,2004,-3.209061906409606,-2.975001136182577,0.4444444444444444,0.02440727826201617,0.005463948944567313,0.9579011892996606,0.08182859917774138,-100.2,-0.06889803179711436
0.0,-5.570593649240919,0.74897784,2.4258850405296823,3.418314,0.09733022,0.546775529631321,0.9675764113616099,2980,-2.5106232,0.999992878341228,1.0,0.002167633,-0.5551842723684413,4.125699171233097,1.0760581,-0.000714717,1986,-2.205474097658574,-2.9598765125335276,0.4444444444444444,0.024303049053625098,0.004400819482293745,0.9585427634194895,0.0793071311611677,-99.3,-0.06906766074320159
-1.7879787009564675e-18,-5.625563956867886,0.7376771,2.439410952728212,3.5038877,0.07333235,0.5465203725734635,0.9613830711055972,3000,-2.331188,0.9999934354356106,1.0,0.0006927184,-0.5551999661267786,6.025784894754398,1.0761902,-0.00032983904,1987,-2.912127279006267,-2.9683191271107803,0.2962962962962963,0.02427575606647336,0.002531283204282092,0.9511372105841179,0.09542874891352744,-99.35,-0.06923695878427057
-5.3774677277505056e-18,-5.556211088852412,0.78106964,2.4408362720513272,4.3183403,0.0780529,0.5464683816221887,0.9644922363274264,3020,-2.7998548,0.999992997262906,1.0,0.004570498,-0.555200038173558,7.617609757425547,1.0738071,-0.004732921,1982,-2.7417212823327173,-2.969074872022386,0.2962962962962963,0.024508761200616368,0.0045521716968849905,0.953176317011757,0.08667163775695708,-99.1,-0.06940542147547453
2.9090797779328565e-17,-69.16556636085274,0.7500825,145.08744431898464,3.2345905,0.114461645,0.5458854556507654,0.043784389143512015,3040,-2.427765,0.9999997047851068,1.0,0.0054878364,-3.2654623844704775,0.7934279089192277,1.074473,-0.0041516675,1954,-9.58595931927199,-5.625128665295503,0.2962962962962963,0.026387488927442602,0.006216677659979829,0.03163246428534672,140.18641141758505,-147.65,-0.06916556636085273
2.8737825511025287e-17,-68.9324354638125,0.7163573,140.53294522068435,3.7595353,0.09400106,0.5460117154880773,0.04497132607738197,3060,-2.7199512,0.9999997120725207,1.0,0.012615963,-0.555190097778276,2.550908628631568,1.0740879,-0.007353219,1978,-9.831079731475166,-5.56060070335948,0.4444444444444444,0.024674672692214492,-0.00010377655682729714,-0.016928544874539986,134.48254860058128,-148.85,-0.0689324354638125
-2.1359000072948903e-17,-5.573114629623556,0.80125886,2.4460464937014783,4.144026,0.0721902,0.5471295296156978,0.4642448393393709,3080,-2.5941892,0.9999979902132087,1.0,0.0010776083,-0.5551982960207341,4.6646470147260155,1.074081,-0.0012359796,1996,-2.476920443090454,-2.9735262476260416,0.2962962962962963,0.024463884699017037,0.003172398005155894,0.3426011798174047,2.7723531129330365,-99.8,-0.06909891741507027
-1.1129401636966817e-16,-5.71020861602524,0.7778073,2.547525986775047,3.7029796,0.064868286,0.5469156480533343,0.9403812940703787,3100,-2.5398536,0.9999979327142215,1.0,0.013823212,-0.55522449195108,5.469232719253171,1.0758343,-0.006125047,2043,-3.201871359048882,-3.0394396331588207,0.4444444444444444,0.024615533893822917,-0.00020872832227010693,0.4218510716446462,0.1558624521837616,-102.15,-0.06926888592619694
2.412123739243793e-17,-5.84615896464622,0.85468173,2.6022611867329584,4.141447,0.029351568,0.5469095787091446,0.9359782081043259,3120,-2.9595606,0.9999948279128767,1.0,0.0058482615,-0.5552802738382775,2.8611358294756495,1.0767971,-0.0020827048,2062,-2.3372136444973877,-3.0716809142528243,0.4444444444444444,0.02482558604380298,0.0016566403671204064,0.9206592890350314,0.16686479099955823,-103.1,-0.06944000550931097
-7.840711895341958e-18,-5.738230558838934,0.81933147,2.5651674423639705,3.52817,0.083661646,0.546793672469933,0.9531845422194103,3140,-2.6296403,0.9999942384683759,1.0,0.001555521,-0.5553575769151647,2.4465713233702293,1.0773314,-0.00079523673,2039,-2.6998452951310448,-3.0494157669012805,0.4444444444444444,0.025089722041157593,0.003565673677499517,0.9434638002489849,0.12075356589413594,-101.95,-0.0696088119938268
0.0,-69.37898233728124,0.86789435,149.1508705249259,3.6708627,0.0934905,0.5469174648418927,0.11754001670817038,3160,-2.7481492,0.9999996877911217,1.0,0.00046801654,-3.3042880764246734,0.3224209138245846,1.0759227,-0.0005802362,2029,-9.0185427338325,-5.843396788391508,0.2962962962962963,0.034280103089118066,-0.0004575030393957284,0.07969206379423555,133.0698099466223,-151.4,-0.06937898233728124
2.804312721302813e-17,-69.1534129767287,0.837705,149.94074978204733,3.7460523,0.102844276,0.5465805976406969,0.09845285576825535,3180,-2.8806345,0.9999996837631767,1.0,0.012671712,-3.3071536509226496,0.9142110229711171,1.0749401,-0.0038857602,2027,-8.60223797316274,-5.865164803634223,0.4444444444444444,0.03867637602653908,-0.0009455289198948161,0.08966974129815175,135.71491015303573,-151.3,-0.06915341297672871
0.0,-68.92718403307194,0.8161415,120.98624886577522,3.8916988,0.1496769,0.546827527797216,0.09671738229874649,3200,-2.9491975,0.9999996908737397,1.0,0.0055150017,-0.5555454626563208,0.745868688095484,1.0704042,-0.0020984735,1966,-9.524997023643243,-5.107195076633513,0.4444444444444444,0.024567995577409355,0.002798884383649686,0.07773260533068083,109.2850418479392,-148.25,-0.06892718403307194
-1.309919343454096e-16,-5.735993321578819,0.8013947,2.470570314300109,5.0638247,0.10336344,0.5469148828691485,0.21213247331638285,3220,-2.4939232,0.9999982164492711,1.0,0.0015858242,-0.555563614406156,3.581748500660261,1.0694473,-0.0008019547,2007,-3.528304044720491,-2.9876968005518485,0.4444444444444444,0.024778908854850876,0.0018999587608411212,0.22186652131563722,2.943862306342319,-100.35,-0.06908901894458408
5.744660824740578e-17,-68.86682589555545,0.8103282,142.02007538393403,3.643683,0.15629956,0.5456775359758593,0.045477987003801124,3240,-2.6435304,0.9999997090013938,1.0,0.0020092227,-3.3210459414151674,0.8201864211498018,1.0662345,-0.00079111714,1979,-9.552730961135435,-5.599360679707194,0.4444444444444444,0.027258231050057126,0.005560618040933182,-0.00765508549500038,137.2245729008365,-148.9,-0.06886682589555544
-7.965725737220854e-17,-5.649491147674268,0.8372695,2.4640260761968067,4.0860605,0.12274577,0.5469017618210095,0.5533858052940686,3260,-2.6835322,0.9999975029141918,1.0,0.0015297846,-0.5556287802132367,3.005820612572684,1.0625894,-0.00048120815,2007,-2.879446090543565,-2.984603370654375,0.4444444444444444,0.024626775632011107,0.0034206346977969813,0.6528243666325411,2.347842869489912,-100.35,-0.0690270250508818
8.458842092382145e-17,-5.662630547610651,0.7838707,2.4923557456034944,4.187639,0.101709194,0.5472171928358951,0.9087756805246606,3280,-2.409337,0.9999979745797904,1.0,0.0021362691,-0.5556840412211844,2.6126043076709378,1.0600524,-0.0009421113,2016,-2.1973568824794723,-3.0027297165013787,0.4444444444444444,0.025180212182047017,0.004581793720317062,0.39556687409437485,0.22785861313030914,-100.8,-0.06918756582612226
2.774202970268815e-17,-68.60094903778315,0.8025457,264.7426979635118,3.8081374,0.07412699,0.5470607351722307,0.08210062115511385,3300,-2.5633075,0.9999997725873878,1.0,0.0047392594,-3.339405092802139,0.5071393983974337,1.0579131,-0.0016605465,2049,-6.679569446269216,-8.353048571373881,0.4444444444444444,0.040390709256461245,-0.006442769856196136,0.063770382812819,250.36871412630808,-202.35,-0.06860094903778316
-1.4042346556523718e-17,-68.39307284407592,0.80105036,141.22388551695101,3.5547886,0.10611547,0.5471189915517009,0.053313250944342805,3320,-3.0936177,0.9999996928932038,1.0,0.0021940882,-3.3394707928921874,0.6524411745650484,1.0604129,-0.001201255,2024,-9.028748690271701,-5.660588496474379,0.4444444444444444,0.029888173066085922,-0.001522105216343492,0.03280648105030293,134.58466780521672,-151.15,-0.06839307284407592
1.1511001610251992e-16,-5.691371738904874,0.8089644,2.488065450495464,3.861249,0.09602717,0.5471344083322532,0.7789074629054928,3340,-2.4965384,0.9999983405389876,1.0,0.0027377063,-0.5558606784739851,2.2833789189906515,1.0618138,-0.0010665889,2037,-3.6125189286763937,-3.001426329632098,0.4444444444444444,0.024765421933112743,-0.0002275978734443085,0.5427197562462461,2.478948859211067,-101.85,-0.06855155992086108
-1.417541617476509e-17,-5.663906760323191,0.83785,2.4419698443225837,4.0354586,0.14617369,0.5469910931087977,0.8778944497753766,3360,-2.4538538,0.9999975165751452,1.0,0.0040477924,-0.5559215415188353,2.826110019904827,1.0619411,-0.003362565,2005,-4.009549724815231,-2.9691804591900826,0.4444444444444444,0.025435372418322888,0.0022025958383514554,0.645901954744493,0.3002057132951894,-100.25,-0.0687072115327613
-1.1253722666765719e-17,-5.797844406067529,0.8430628,2.541792128911562,3.9998465,0.1219373,0.5467727448561052,0.9143565227992204,3380,-2.3339965,0.9999963336714873,1.0,0.0041900342,-0.5559682372466243,2.8775147115619024,1.0596381,-0.0025266323,2052,-2.952215272467239,-3.0342147090129563,0.4444444444444444,0.025222068263745772,-0.0005243639210136139,0.8681213839211311,0.2200050548149872,-102.6,-0.06886613072517137
0.0,-5.730428773760066,0.8015237,2.4874718619025966,3.6906738,0.13707855,0.5471146415888312,0.93828806363875,3400,-2.5240319,0.9999952360402475,1.0,0.0035255507,-0.5560479804453254,3.722152594127089,1.0565715,-0.002004691,2017,-2.5466224461028575,-2.9978070515358235,0.4444444444444444,0.024934278207560483,0.003085608024434684,0.9171857214911436,0.1553699626493481,-100.85,-0.06902199495621554
-1.0578800036130524e-17,-5.7433272389662156,0.79024094,2.494671881884838,3.3329563,0.14141554,0.5465191576631062,0.9231689198132279,3420,-2.4004817,0.9999955817632082,1.0,0.005526748,-0.5560948300968126,4.916311012902894,1.0574738,-0.0028119506,2015,-3.2063914550440176,-3.002020259208809,0.4444444444444444,0.02569813388181611,-0.0007955711564252594,0.8944361894372009,0.1920910641617994,-100.75,-0.06917735467458043
-4.237829437933003e-17,-68.96640735719731,0.7515685,140.98363467936676,3.6235824,0.1247551,0.5468542197776505,0.10571344093556012,3440,-2.8182507,0.9999996966630778,1.0,0.0015103805,-3.3747146699356048,0.47322273968951933,1.0559814,-0.0010311459,2012,-9.4875540702738,-5.6284081261526495,0.4444444444444444,0.029862840858232022,0.0021358623380773782,0.041964919817390145,127.3118425439002,-150.55,-0.0689664073571973
4.5682767383191404e-17,-5.738630996672909,0.7898466,2.5024279389444692,3.940621,0.09601566,0.5468450954802381,-0.11882712294210585,3460,-2.1407638,0.9999986335353883,1.0,0.0057666935,-0.5561637096136532,4.582993825335617,1.056186,-0.0021942772,2022,-1.7163897846098553,-3.0079821861023373,0.4444444444444444,0.02529022878478579,0.00214567332244067,-0.3988057124973592,5.723049438103253,-101.1,-0.06912078927176687
-3.1831182786664516e-17,-5.710617194073566,0.7580103,2.486224971964302,3.4568348,0.10579659,0.5469983416543994,0.94004883653629,3480,-2.4482548,0.999997750045974,1.0,0.0010027341,-0.5562029860502447,5.410532314438014,1.0561392,-0.0007589796,2009,-2.5501432191694673,-2.9979162198109974,0.2962962962962963,0.025070649874581852,-0.00016486554657383297,0.5157760341256297,0.1492355153738678,-100.45,-0.06927384226809673
-1.7763568394002505e-17,-5.7639604031379275,0.7626196,2.4854692014170086,3.388185,0.11274719,0.5471085571748396,0.9304341982154081,3500,-2.7976391,0.9999956151684491,1.0,0.0009735045,-0.5562300235703016,6.296366030367082,1.0584599,-0.00049924344,2000,-2.407733261457048,-2.9943066223311154,0.19753086419753085,0.02504708106895831,-0.0001015527932887082,0.9053933901729033,0.172983264956111,-100.0,-0.069425877465739
5.315781065536909e-18,-5.776586589244872,0.7704508,2.5021548239861153,3.5931587,0.118134044,0.5464587903582722,0.9568285111773993,3520,-2.3001792,0.9999941254063429,1.0,0.013305696,-0.5562479675080466,4.987911898216135,1.0612237,-0.004358558,2005,-3.0286788424842856,-3.0063893832375808,0.2962962962962963,0.024957318284208503,-0.000246137885246659,0.9411336098620002,0.10927059814577994,-100.25,-0.06957795763080105
2.7064857888271973e-17,-5.706780012001444,0.7449358,2.4420744324856765,3.7038765,0.13722552,0.5470421706735454,0.9531138692670218,3540,-2.7299297,0.9999947108390701,1.0,0.0049553895,-0.5562765972240054,7.887802959961891,1.0665457,-0.0039925044,1969,-2.7699624447640017,-2.9670892563864713,0.2962962962962963,0.025038877507169342,0.00014948685154456235,0.9306171804763372,0.11622997731554259,-98.45,-0.06972699603405194
1.4463974264836645e-17,-69.510631846242,0.7408757,148.46485502432623,3.475821,0.118923694,0.547099900481605,0.10773983701662815,3560,-2.5471394,0.9999997061915483,1.0,0.0015740813,-3.409204729327911,0.40529588833518865,1.0695109,-0.0010994893,1965,-9.690173369370449,-5.717929197090635,0.2962962962962963,0.027094977059983132,-0.003258947342557762,0.029072267412212804,133.28458425278404,-148.2,-0.06951063184624201
-6.852950243371525e-17,-5.783259942130608,0.71900314,2.4432368069707193,3.4450169,0.1062972,0.5472361234985672,-0.22190275473207977,3580,-2.376861,0.9999983392073614,1.0,0.004505889,-0.5562586215096773,4.2935176065318235,1.070093,-0.0022566365,1970,-2.3538629995778333,-2.966218868192994,0.2962962962962963,0.024848518649621353,0.0011222457530204123,-0.056520269027296566,3.81866864207091,-98.5,-0.06965833697891022
0.0,-69.44500385128717,0.75324494,146.06815968416007,3.398395,0.11855937,0.5469966600550503,0.04386823432120168,3600,-2.687119,0.9999997125905521,1.0,0.0060660043,-3.419710915999289,0.9313815634931532,1.0722463,-0.0035219062,1969,-9.519582978796876,-5.669228427065943,0.4444444444444444,0.02717269739515456,0.003326598246102498,0.0038163717457365687,141.65093891103993,-148.4,-0.06944500385128717
-1.4239333381965934e-17,-69.23739082217145,0.80185246,142.33019667478035,3.740364,0.122995675,0.5470583285759816,0.046245466483233355,3620,-3.0332375,0.999999702493075,1.0,0.0007370353,-3.424905373156147,0.4786932211132858,1.070694,-0.0004712753,1996,-9.574640824967794,-5.628739724015956,0.2962962962962963,0.028306547123680775,0.0013063166108247285,0.02045137203603975,135.7688698731942,-149.75,-0.06923739082217145
-2.805696883554196e-17,-69.03557621319068,0.7882223,140.29065157938695,3.3988092,0.105323955,0.5470017598927802,0.10865243970317384,3640,-2.82689,0.9999996970705626,1.0,0.005662348,-3.4297087106449897,0.6512722233042669,1.0707958,-0.0058637937,2026,-9.502340871816616,-5.632066554065875,0.2962962962962963,0.030431353006652312,-0.0008587904600338465,0.04138434596421159,125.12964931764202,-151.25,-0.06903557621319067
9.223220733780631e-17,-5.78419290472735,0.76588696,2.4760432985271654,3.6075397,0.102962956,0.547054566582369,-0.18192127742991837,3660,-3.0854988,0.9999989210160694,1.0,0.0054591605,-0.5562959353559357,3.6642825408347317,1.0664756,-0.0012024831,2003,-2.5580271770749348,-2.9879947552378376,0.2962962962962963,0.02518286524284071,-0.0009706288448348134,-1.2603885808799618,3.6360628106121267,-100.15,-0.06918219807166129
-3.8370005367506637e-17,-5.917071533903537,0.7697278,2.5495737499293822,3.3981004,0.10883373,0.5473579570073251,0.8313018634849276,3680,-2.5518696,0.9999985214732451,1.0,0.006832726,-0.5563053352863853,5.629348525243724,1.0652581,-0.003998652,2037,-1.9606410335483928,-3.036444940593666,0.4444444444444444,0.025699893986161987,-0.003688012905151366,-0.2578641733907654,0.43536754647891057,-101.85,-0.06933098006996954
-3.623369381744519e-18,-5.644818310755871,0.74197924,2.4128301355795867,3.9794497,0.18728608,0.5473078795194201,0.9036468676996752,3700,-2.3252254,0.9999971207009254,1.0,0.0041097547,-0.5563368797838528,4.845375356767335,1.0679919,-0.001876426,1961,-2.8073185147970894,-2.946966461607503,0.4444444444444444,0.025250674739170854,0.007026982082152923,0.7746032048214109,0.2441511375876493,-98.05,-0.06947393287554071
-5.334404923123875e-18,-6.021297923979057,0.7444178,2.5095332115355005,3.4697783,0.11552307,0.5473475609071216,0.9417243415218546,3720,-2.553937,0.9999972630669597,1.0,0.0012911671,-0.5563284479257984,8.842859104470135,1.0725358,-0.001944274,1998,-3.6004122746588227,-3.0027995970185675,0.2962962962962963,0.02514906121329279,9.527922922895328e-05,0.7313004643574429,0.14851265033488173,-99.9,-0.06961926975089137
1.419665805714486e-17,-5.954078322637281,0.7809738,2.5209752395509932,3.6430593,0.108836725,0.5469397073435576,0.946915523979207,3740,-2.788822,0.9999956078498414,1.0,0.00075028266,-0.5563469152231295,10.965011824328085,1.0727618,-0.00044701147,2002,-2.875274810561557,-3.0128437981622596,0.19753086419753085,0.025537537701377594,-0.0024692188965269525,0.9036187322644831,0.1341671268424055,-100.1,-0.06976459269700169
2.33258978911144e-17,-5.721596514744537,0.7033716,2.47895611029124,3.7532187,0.14704975,0.5468434128117261,0.9650008520072212,3760,-2.8113377,0.9999939943638729,1.0,0.0008965296,-0.5563563687067931,5.30927363280326,1.0727499,-0.0006242523,1980,-3.042128217007283,-2.9893394168744294,0.1316872427983539,0.02510008288777304,0.004123612783313863,0.9490240062610814,0.08812601762509803,-99.0,-0.06990802810920331
0.0,-5.774797295446951,0.75027233,2.5292380781559483,3.2389069,0.1137031,0.5472375937978281,0.9720816499371769,3780,-2.6757708,0.9999930193628852,1.0,0.0073441253,-0.556350524654316,10.038351777735048,1.0719512,-0.002357802,1997,-3.01352498511797,-3.018446941680495,0.19753086419753085,0.025211078820155403,0.0010443539702298637,0.9625724391347852,0.07067682201080173,-99.85,-0.07005239247872959
0.0,-69.84529143082221,0.7868946,143.26782019515323,3.7373667,0.13065119,0.5477258007107245,0.08363010082741185,3800,-2.559105,0.9999997082446676,1.0,0.0051023327,-0.5563560334258834,0.33416861559385935,1.0706447,-0.00056317914,2005,-10.047677999007812,-5.659684404624423,0.19753086419753085,0.025830365955852874,-0.002205748380420141,0.017186020054763218,132.9114316097827,-150.2,-0.06984529143082222
1.806158453889426e-17,-5.851414329363648,0.7898709,2.4634560423940832,4.0787306,0.16618164,0.5475335129281761,-0.3340043115520459,3820,-2.3660283,0.9999986201634014,1.0,0.0055648335,-0.5563749248857933,3.57714587988595,1.068095,-0.0032037618,1967,-2.1512956405334114,-2.976961778480926,0.19753086419753085,0.024921726986270386,0.0075966375558292705,-0.02783110889478224,4.11883552083206,-98.35,-0.06998620409124723
-4.345827130031194e-17,-69.77854485811102,0.7383259,145.17752918457487,3.7476404,0.16651355,0.5467974358386992,0.07230233922880891,3840,-2.489807,0.9999997156894744,1.0,0.0130334655,-0.5563807980067208,2.582977376373004,1.0662959,-0.004769301,1962,-9.683480124545008,-5.632039435984541,0.2962962962962963,0.024894201320576084,0.005950083295090505,-0.0013352697308721684,135.56010311216366,-148.05,-0.06977854485811101
6.423791684420795e-17,-5.845870152010893,0.75060797,2.50356695973029,3.4588246,0.0915963,0.5477403157188606,0.07280600481782218,3860,-2.5761237,0.9999983941773293,1.0,0.0011663631,-0.5563750148872147,5.0848222867528605,1.0633092,-0.00024796324,1991,-2.6114534187032707,-3.0042434668989424,0.19753086419753085,0.02459885154972308,0.0032820073785975734,0.2957545313442883,2.7539592098748606,-99.55,-0.0699198926140749
-6.088319812460535e-17,-5.816645637794806,0.77985644,2.5012284687222284,4.1860123,0.11850582,0.5477330235438799,0.7889873898983228,3880,-3.185164,0.9999983863284714,1.0,0.006318963,-0.5563836561972945,5.561328367810286,1.0639191,-0.002718015,1984,-3.112727182510542,-3.0016283054100317,0.2962962962962963,0.025332630338864577,0.0059538229599591964,0.212075616827196,0.5291624146958017,-99.2,-0.0700604617428188
-1.0233452747385025e-17,-6.191135312034789,0.77282476,2.73218845371782,3.5377235,0.026070464,0.5478147381834232,0.8025166614147292,3900,-2.4540894,0.9999977907287771,1.0,0.007584624,-0.5563889556935053,3.9414237060965025,1.0626631,-0.002962306,2083,-3.5672884847511686,-3.1378078787888013,0.4444444444444444,0.02610129717718333,-0.004158075484706037,0.6244292578070904,0.6052908783612058,-104.15,-0.07020771287183361
-2.0330264256369104e-17,-6.398896598731743,0.7564677,2.7792051908052926,3.7291212,-0.0014008994,0.5465628304403275,0.8695988685567371,3920,-2.6570513,0.9999967636877785,1.0,0.0034102588,-0.5564420306136983,5.505674440292488,1.0612795,-0.0031297645,2097,-4.773511071023843,-3.1631426669236906,0.4444444444444444,0.025687803048592507,-0.007668253175143029,0.8343102248677035,0.3635713803822071,-104.85,-0.07035563822189202
2.92192223220167e-17,-7.0046443799658755,0.79713386,2.7645211999988155,3.672452,0.032393053,0.5475521865401435,-2.23103565622408,3940,-2.4903507,0.9999992672636692,1.0,0.0006786738,-3.5160772220511283,9.224108924152416,1.0591674,-0.0006712977,2067,-4.5442689094740265,-3.1370685463691506,0.2962962962962963,0.06250748496038003,-0.009703407361538277,-2.5846338603996837,9.043697319024304,-103.35,-0.07050115231781352
1.3438160487188655e-17,-70.30274244859021,0.74057597,151.6308344226116,3.841055,0.012458237,0.5474952318394617,0.16086661471185426,3960,-2.774445,0.9999996729716242,1.0,0.0043170815,-3.50890538321834,0.535729243762658,1.0561814,-0.0033150977,2115,-8.583073762185268,-6.032060990574435,0.2962962962962963,0.044530115040187286,-0.011420192611501071,0.12794709513770375,128.4827914158825,-155.7,-0.07030274244859021
-4.07382361639809e-17,-70.10610371253564,0.72161216,150.03462392374618,3.663437,0.034659926,0.5472375635548228,0.1752616147454028,3980,-2.5439079,0.9999996810768547,1.0,0.0046035135,-3.507743462636046,0.85652470332272,1.0574512,-0.0031816424,2093,-8.412001212096461,-5.967092528681014,0.2962962962962963,0.04004522480470966,-0.008465868075448595,0.09843379106614769,124.03338764758584,-154.6,-0.07010610371253564
6.440988539810068e-17,-6.194979149773533,0.749052,2.7541502047180675,3.3282552,0.011428253,0.5474580029497297,-0.0939112627172698,4000,-2.8477716,0.9999989079477603,1.0,0.005271952,-0.5566556335532569,2.9599165335082818,1.0554066,-0.0037439312,2096,-3.009644174931873,-3.1546326373119697,0.2962962962962963,0.025886586242790187,-0.005677990500736182,-1.114178276179536,4.390363399095313,-104.8,-0.07025130213982485
